{
  "version": 1,
  "author": "3702 KANYARAT MEKWONGSA",
  "editor": "wokwi",
  "parts": [
    { "type": "board-esp32-devkit-c-v4", "id": "esp", "top": 0, "left": 0, "attrs": {} },
    { "type": "wokwi-dht22", "id": "dht1", "top": -105.3, "left": 167.4, "attrs": {} },
    {
      "type": "wokwi-led",
      "id": "led1",
      "top": -22.8,
      "left": -159.4,
      "attrs": { "color": "red" }
    },
    {
      "type": "wokwi-resistor",
      "id": "r1",
      "top": 80.75,
      "left": -105.6,
      "attrs": { "value": "1000" }
    }
  ],
  "connections": [
    [ "esp:TX", "$serialMonitor:RX", "", [] ],
    [ "esp:RX", "$serialMonitor:TX", "", [] ],
    [ "esp:GND.2", "dht1:GND", "black", [ "v0", "h24.04", "v38.4", "h86.4" ] ],
    [ "esp:3V3", "dht1:VCC", "green", [ "h-23.81", "v-28.8", "h163.2", "v38.4", "h38.4" ] ],
    [ "esp:18", "dht1:SDA", "red", [ "h91.24", "v-9.6" ] ],
    [ "esp:32", "r1:2", "green", [ "h-62.21" ] ],
    [ "r1:1", "led1:A", "green", [ "v0", "h-28.8" ] ],
    [ "led1:C", "esp:GND.1", "green", [ "v134.4", "h10" ] ]
  ],
  "dependencies": {}
}